--
-- PostgreSQL database dump
--

-- Dumped from database version 10.23 (Ubuntu 10.23-1.pgdg20.04+1)
-- Dumped by pg_dump version 15.3

SET statement_timeout = 0;
SET lock_timeout = 0;
SET idle_in_transaction_session_timeout = 0;
SET client_encoding = 'UTF8';
SET standard_conforming_strings = on;
SELECT pg_catalog.set_config('search_path', '', false);
SET check_function_bodies = false;
SET xmloption = content;
SET client_min_messages = warning;
SET row_security = off;

--
-- Name: public; Type: SCHEMA; Schema: -; Owner: postgres
--

-- *not* creating schema, since initdb creates it


ALTER SCHEMA public OWNER TO postgres;

SET default_tablespace = '';

--
-- Name: ajusteestoque; Type: TABLE; Schema: public; Owner: postgres
--

CREATE TABLE public.ajusteestoque (
    codigo integer NOT NULL,
    motivo character varying(255),
    dataajuste date,
    quantidade numeric(10,2),
    produto integer,
    tipo integer
);


ALTER TABLE public.ajusteestoque OWNER TO postgres;

--
-- Name: ajusteestoque_codigo_seq; Type: SEQUENCE; Schema: public; Owner: postgres
--

ALTER TABLE public.ajusteestoque ALTER COLUMN codigo ADD GENERATED BY DEFAULT AS IDENTITY (
    SEQUENCE NAME public.ajusteestoque_codigo_seq
    START WITH 1
    INCREMENT BY 1
    NO MINVALUE
    NO MAXVALUE
    CACHE 1
);


--
-- Name: caixa; Type: TABLE; Schema: public; Owner: postgres
--

CREATE TABLE public.caixa (
    codigo integer NOT NULL,
    venda integer,
    descricao character varying(255),
    datalancamento timestamp without time zone,
    valorbaixa numeric(10,3),
    tipo character varying(50)
);


ALTER TABLE public.caixa OWNER TO postgres;

--
-- Name: caixa_codigo_seq; Type: SEQUENCE; Schema: public; Owner: postgres
--

ALTER TABLE public.caixa ALTER COLUMN codigo ADD GENERATED BY DEFAULT AS IDENTITY (
    SEQUENCE NAME public.caixa_codigo_seq
    START WITH 1
    INCREMENT BY 1
    NO MINVALUE
    NO MAXVALUE
    CACHE 1
);


--
-- Name: cidade; Type: TABLE; Schema: public; Owner: postgres
--

CREATE TABLE public.cidade (
    codigo integer NOT NULL,
    nome character varying(255),
    uf character(2)
);


ALTER TABLE public.cidade OWNER TO postgres;

--
-- Name: cidade_codigo_seq; Type: SEQUENCE; Schema: public; Owner: postgres
--

ALTER TABLE public.cidade ALTER COLUMN codigo ADD GENERATED BY DEFAULT AS IDENTITY (
    SEQUENCE NAME public.cidade_codigo_seq
    START WITH 1
    INCREMENT BY 1
    NO MINVALUE
    NO MAXVALUE
    CACHE 1
);


--
-- Name: cliente; Type: TABLE; Schema: public; Owner: postgres
--

CREATE TABLE public.cliente (
    codigo integer NOT NULL,
    nome character varying(255),
    endereco character varying(255),
    bairro character varying(255),
    contato text,
    cpf character varying(25),
    credito numeric(10,2) DEFAULT 0.00,
    ativo character(5) DEFAULT 'T'::bpchar,
    datacadastro date,
    cidade integer
);


ALTER TABLE public.cliente OWNER TO postgres;

--
-- Name: cliente_codigo_seq; Type: SEQUENCE; Schema: public; Owner: postgres
--

ALTER TABLE public.cliente ALTER COLUMN codigo ADD GENERATED BY DEFAULT AS IDENTITY (
    SEQUENCE NAME public.cliente_codigo_seq
    START WITH 1
    INCREMENT BY 1
    NO MINVALUE
    NO MAXVALUE
    CACHE 1
);


--
-- Name: condicaopagamento; Type: TABLE; Schema: public; Owner: postgres
--

CREATE TABLE public.condicaopagamento (
    codigo integer NOT NULL,
    numeroparcelas integer,
    descricao character varying(255)
);


ALTER TABLE public.condicaopagamento OWNER TO postgres;

--
-- Name: condicaopagamento_codigo_seq; Type: SEQUENCE; Schema: public; Owner: postgres
--

ALTER TABLE public.condicaopagamento ALTER COLUMN codigo ADD GENERATED BY DEFAULT AS IDENTITY (
    SEQUENCE NAME public.condicaopagamento_codigo_seq
    START WITH 1
    INCREMENT BY 1
    NO MINVALUE
    NO MAXVALUE
    CACHE 1
);


--
-- Name: estabelecimento; Type: TABLE; Schema: public; Owner: postgres
--

CREATE TABLE public.estabelecimento (
    codigo integer NOT NULL,
    nome character varying(255),
    contato text,
    endereco character varying(255),
    bairro character varying(255),
    cnpj character varying(25),
    cidade integer
);


ALTER TABLE public.estabelecimento OWNER TO postgres;

--
-- Name: estabelecimento_codigo_seq; Type: SEQUENCE; Schema: public; Owner: postgres
--

ALTER TABLE public.estabelecimento ALTER COLUMN codigo ADD GENERATED BY DEFAULT AS IDENTITY (
    SEQUENCE NAME public.estabelecimento_codigo_seq
    START WITH 1
    INCREMENT BY 1
    NO MINVALUE
    NO MAXVALUE
    CACHE 1
);


--
-- Name: estoque_transiente; Type: TABLE; Schema: public; Owner: postgres
--

CREATE TABLE public.estoque_transiente (
    codigo integer NOT NULL,
    produto integer,
    quantidade_uso numeric(10,3),
    quantidade_acesso integer,
    horaisercao timestamp without time zone
);


ALTER TABLE public.estoque_transiente OWNER TO postgres;

--
-- Name: estoque_transiente_codigo_seq; Type: SEQUENCE; Schema: public; Owner: postgres
--

ALTER TABLE public.estoque_transiente ALTER COLUMN codigo ADD GENERATED BY DEFAULT AS IDENTITY (
    SEQUENCE NAME public.estoque_transiente_codigo_seq
    START WITH 1
    INCREMENT BY 1
    NO MINVALUE
    NO MAXVALUE
    CACHE 1
);


--
-- Name: formapagamento; Type: TABLE; Schema: public; Owner: postgres
--

CREATE TABLE public.formapagamento (
    codigo integer NOT NULL,
    aparecercaixa character(5) DEFAULT 'T'::bpchar,
    descricao character varying(255),
    compensado character(5) DEFAULT 'T'::bpchar
);


ALTER TABLE public.formapagamento OWNER TO postgres;

--
-- Name: formapagmento_codigo_seq; Type: SEQUENCE; Schema: public; Owner: postgres
--

ALTER TABLE public.formapagamento ALTER COLUMN codigo ADD GENERATED BY DEFAULT AS IDENTITY (
    SEQUENCE NAME public.formapagmento_codigo_seq
    START WITH 1
    INCREMENT BY 1
    NO MINVALUE
    NO MAXVALUE
    CACHE 1
);


--
-- Name: fornecedor; Type: TABLE; Schema: public; Owner: postgres
--

CREATE TABLE public.fornecedor (
    codigo integer NOT NULL,
    nome character varying(255),
    cpfcnpj character varying(25),
    bairro character varying(255),
    endereco character varying(255),
    contato text,
    ativo character(5) DEFAULT 'T'::bpchar,
    cidade integer,
    fiscajuridica integer
);


ALTER TABLE public.fornecedor OWNER TO postgres;

--
-- Name: fornecedor_codigo_seq; Type: SEQUENCE; Schema: public; Owner: postgres
--

ALTER TABLE public.fornecedor ALTER COLUMN codigo ADD GENERATED BY DEFAULT AS IDENTITY (
    SEQUENCE NAME public.fornecedor_codigo_seq
    START WITH 1
    INCREMENT BY 1
    NO MINVALUE
    NO MAXVALUE
    CACHE 1
);


--
-- Name: funcionario; Type: TABLE; Schema: public; Owner: postgres
--

CREATE TABLE public.funcionario (
    codigo integer NOT NULL,
    nome character varying(255),
    cpf character varying(25),
    bairro character varying(255),
    endereco character varying(255),
    login character varying(255),
    senha character varying(255),
    ativo character(5) DEFAULT 'T'::bpchar,
    cidade integer
);


ALTER TABLE public.funcionario OWNER TO postgres;

--
-- Name: funcionario_codigo_seq; Type: SEQUENCE; Schema: public; Owner: postgres
--

ALTER TABLE public.funcionario ALTER COLUMN codigo ADD GENERATED BY DEFAULT AS IDENTITY (
    SEQUENCE NAME public.funcionario_codigo_seq
    START WITH 1
    INCREMENT BY 1
    NO MINVALUE
    NO MAXVALUE
    CACHE 1
);


--
-- Name: funcionariopermissao; Type: TABLE; Schema: public; Owner: postgres
--

CREATE TABLE public.funcionariopermissao (
    codigo integer NOT NULL,
    funcionario integer,
    permissao integer
);


ALTER TABLE public.funcionariopermissao OWNER TO postgres;

--
-- Name: funcionariopermissao_codigo_seq; Type: SEQUENCE; Schema: public; Owner: postgres
--

ALTER TABLE public.funcionariopermissao ALTER COLUMN codigo ADD GENERATED BY DEFAULT AS IDENTITY (
    SEQUENCE NAME public.funcionariopermissao_codigo_seq
    START WITH 1
    INCREMENT BY 1
    NO MINVALUE
    NO MAXVALUE
    CACHE 1
);


--
-- Name: grupo; Type: TABLE; Schema: public; Owner: postgres
--

CREATE TABLE public.grupo (
    codigo integer NOT NULL,
    descricao character varying(255)
);


ALTER TABLE public.grupo OWNER TO postgres;

--
-- Name: grupo_codigo_seq; Type: SEQUENCE; Schema: public; Owner: postgres
--

ALTER TABLE public.grupo ALTER COLUMN codigo ADD GENERATED BY DEFAULT AS IDENTITY (
    SEQUENCE NAME public.grupo_codigo_seq
    START WITH 1
    INCREMENT BY 1
    NO MINVALUE
    NO MAXVALUE
    CACHE 1
);


--
-- Name: itemvenda; Type: TABLE; Schema: public; Owner: postgres
--

CREATE TABLE public.itemvenda (
    codigo integer NOT NULL,
    quantidade numeric(10,3),
    valorunitario numeric(10,3),
    totalunitario numeric(10,3),
    produto integer,
    venda integer
);


ALTER TABLE public.itemvenda OWNER TO postgres;

--
-- Name: itemvenda_codigo_seq; Type: SEQUENCE; Schema: public; Owner: postgres
--

ALTER TABLE public.itemvenda ALTER COLUMN codigo ADD GENERATED BY DEFAULT AS IDENTITY (
    SEQUENCE NAME public.itemvenda_codigo_seq
    START WITH 1
    INCREMENT BY 1
    NO MINVALUE
    NO MAXVALUE
    CACHE 1
);


--
-- Name: parcela; Type: TABLE; Schema: public; Owner: postgres
--

CREATE TABLE public.parcela (
    codigo integer NOT NULL,
    valorparcela numeric(10,3),
    dataemissao date,
    datavencimento date,
    quitada character(1) DEFAULT 'T'::bpchar,
    numeroparcela character varying(50),
    recebimento integer
);


ALTER TABLE public.parcela OWNER TO postgres;

--
-- Name: parcela_codigo_seq; Type: SEQUENCE; Schema: public; Owner: postgres
--

ALTER TABLE public.parcela ALTER COLUMN codigo ADD GENERATED BY DEFAULT AS IDENTITY (
    SEQUENCE NAME public.parcela_codigo_seq
    START WITH 1
    INCREMENT BY 1
    NO MINVALUE
    NO MAXVALUE
    CACHE 1
);


--
-- Name: permissao; Type: TABLE; Schema: public; Owner: postgres
--

CREATE TABLE public.permissao (
    codigo integer NOT NULL,
    descricao character varying(255)
);


ALTER TABLE public.permissao OWNER TO postgres;

--
-- Name: permissao_codigo_seq; Type: SEQUENCE; Schema: public; Owner: postgres
--

ALTER TABLE public.permissao ALTER COLUMN codigo ADD GENERATED BY DEFAULT AS IDENTITY (
    SEQUENCE NAME public.permissao_codigo_seq
    START WITH 1
    INCREMENT BY 1
    NO MINVALUE
    NO MAXVALUE
    CACHE 1
);


--
-- Name: produto; Type: TABLE; Schema: public; Owner: postgres
--

CREATE TABLE public.produto (
    codigo integer NOT NULL,
    descricao character varying(255),
    margem numeric(10,3),
    precocusto numeric(10,3),
    precovenda numeric(10,3),
    fornecedor integer,
    grupo integer,
    ativo character(5)
);


ALTER TABLE public.produto OWNER TO postgres;

--
-- Name: produto_codigo_seq; Type: SEQUENCE; Schema: public; Owner: postgres
--

ALTER TABLE public.produto ALTER COLUMN codigo ADD GENERATED BY DEFAULT AS IDENTITY (
    SEQUENCE NAME public.produto_codigo_seq
    START WITH 1
    INCREMENT BY 1
    NO MINVALUE
    NO MAXVALUE
    CACHE 1
);


--
-- Name: recebimento; Type: TABLE; Schema: public; Owner: postgres
--

CREATE TABLE public.recebimento (
    codigo integer NOT NULL,
    valor numeric(10,3),
    dataemissao date,
    datavencimento date,
    quitada character(1) DEFAULT 'T'::bpchar,
    venda integer,
    condicaopagamento integer,
    formapagamento integer,
    cliente integer
);


ALTER TABLE public.recebimento OWNER TO postgres;

--
-- Name: recebimento_codigo_seq; Type: SEQUENCE; Schema: public; Owner: postgres
--

ALTER TABLE public.recebimento ALTER COLUMN codigo ADD GENERATED BY DEFAULT AS IDENTITY (
    SEQUENCE NAME public.recebimento_codigo_seq
    START WITH 1
    INCREMENT BY 1
    NO MINVALUE
    NO MAXVALUE
    CACHE 1
);


--
-- Name: venda; Type: TABLE; Schema: public; Owner: postgres
--

CREATE TABLE public.venda (
    codigo integer NOT NULL,
    datavenda date,
    totalvenda numeric(10,2),
    cliente integer
);


ALTER TABLE public.venda OWNER TO postgres;

--
-- Name: venda_codigo_seq; Type: SEQUENCE; Schema: public; Owner: postgres
--

ALTER TABLE public.venda ALTER COLUMN codigo ADD GENERATED BY DEFAULT AS IDENTITY (
    SEQUENCE NAME public.venda_codigo_seq
    START WITH 1
    INCREMENT BY 1
    NO MINVALUE
    NO MAXVALUE
    CACHE 1
);


--
-- Data for Name: ajusteestoque; Type: TABLE DATA; Schema: public; Owner: postgres
--

COPY public.ajusteestoque (codigo, motivo, dataajuste, quantidade, produto, tipo) FROM stdin;
1	teste	2023-08-16	5.00	1	2
4		2023-08-21	23.00	1	2
5	Em estoque	2023-09-12	100.00	2	2
\.


--
-- Data for Name: caixa; Type: TABLE DATA; Schema: public; Owner: postgres
--

COPY public.caixa (codigo, venda, descricao, datalancamento, valorbaixa, tipo) FROM stdin;
\.


--
-- Data for Name: cidade; Type: TABLE DATA; Schema: public; Owner: postgres
--

COPY public.cidade (codigo, nome, uf) FROM stdin;
1	Cândido Mota	SP
4	Antônio Conti	SP
6	Araçatuba	SP
2	Assis	SP
\.


--
-- Data for Name: cliente; Type: TABLE DATA; Schema: public; Owner: postgres
--

COPY public.cliente (codigo, nome, endereco, bairro, contato, cpf, credito, ativo, datacadastro, cidade) FROM stdin;
2	Daniel Ausech Esperandio	Rua frederico Mossini 279	Jardim das Palmeiras	18997892286	45278457805	500.00	T    	2023-08-14	2
3	Bruno de Oliveira Alves	Rua Altamiro Prado 56	Jardim Europa	Pai: 186653232	23504553006	500.00	T    	2023-09-12	1
\.


--
-- Data for Name: condicaopagamento; Type: TABLE DATA; Schema: public; Owner: postgres
--

COPY public.condicaopagamento (codigo, numeroparcelas, descricao) FROM stdin;
1	1	A vista
3	4	5 - 10 - 15 - 5
\.


--
-- Data for Name: estabelecimento; Type: TABLE DATA; Schema: public; Owner: postgres
--

COPY public.estabelecimento (codigo, nome, contato, endereco, bairro, cnpj, cidade) FROM stdin;
1	LimaSoftware	teste	trsr	teste	56556565656655	1
\.


--
-- Data for Name: estoque_transiente; Type: TABLE DATA; Schema: public; Owner: postgres
--

COPY public.estoque_transiente (codigo, produto, quantidade_uso, quantidade_acesso, horaisercao) FROM stdin;
\.


--
-- Data for Name: formapagamento; Type: TABLE DATA; Schema: public; Owner: postgres
--

COPY public.formapagamento (codigo, aparecercaixa, descricao, compensado) FROM stdin;
1	T    	Dinheiro	T    
5	T    	Cartão de crédito	T    
\.


--
-- Data for Name: fornecedor; Type: TABLE DATA; Schema: public; Owner: postgres
--

COPY public.fornecedor (codigo, nome, cpfcnpj, bairro, endereco, contato, ativo, cidade, fiscajuridica) FROM stdin;
3	Energisa	47240926000118	Centro	Rua Altamiro Prado 23	Fernando 3341-5628	T    	2	1
\.


--
-- Data for Name: funcionario; Type: TABLE DATA; Schema: public; Owner: postgres
--

COPY public.funcionario (codigo, nome, cpf, bairro, endereco, login, senha, ativo, cidade) FROM stdin;
3	Fernando Cesar de Lima	57823304066	teste	Teste	2	2	T    	1
1	Daniel	45278457805	Teste	Rua teste	1	1	T    	1
\.


--
-- Data for Name: funcionariopermissao; Type: TABLE DATA; Schema: public; Owner: postgres
--

COPY public.funcionariopermissao (codigo, funcionario, permissao) FROM stdin;
619	3	1
620	3	10
621	3	11
622	3	12
623	3	13
624	3	14
625	3	15
626	3	16
627	3	17
628	3	18
629	3	19
630	3	20
631	3	21
632	3	22
633	3	23
634	3	24
635	3	25
636	3	26
637	3	27
638	3	28
639	3	29
640	3	30
641	3	31
642	3	32
643	3	33
644	3	34
645	3	35
646	3	36
647	3	37
648	3	38
649	3	39
650	3	40
651	3	41
652	3	42
653	3	43
654	1	10
655	1	11
656	1	12
657	1	13
658	1	14
659	1	15
660	1	16
661	1	17
662	1	18
663	1	19
664	1	20
665	1	21
666	1	22
667	1	23
668	1	24
669	1	25
670	1	26
671	1	27
672	1	28
673	1	29
674	1	30
675	1	31
676	1	32
677	1	33
678	1	34
679	1	35
680	1	36
681	1	37
682	1	38
683	1	39
684	1	40
685	1	41
686	1	42
687	1	43
\.


--
-- Data for Name: grupo; Type: TABLE DATA; Schema: public; Owner: postgres
--

COPY public.grupo (codigo, descricao) FROM stdin;
2	Roupas
\.


--
-- Data for Name: itemvenda; Type: TABLE DATA; Schema: public; Owner: postgres
--

COPY public.itemvenda (codigo, quantidade, valorunitario, totalunitario, produto, venda) FROM stdin;
\.


--
-- Data for Name: parcela; Type: TABLE DATA; Schema: public; Owner: postgres
--

COPY public.parcela (codigo, valorparcela, dataemissao, datavencimento, quitada, numeroparcela, recebimento) FROM stdin;
\.


--
-- Data for Name: permissao; Type: TABLE DATA; Schema: public; Owner: postgres
--

COPY public.permissao (codigo, descricao) FROM stdin;
1	Alterar Estabelecimento
10	Pesquisar cidade
11	Cadastrar cidade
12	Alterar cidade
13	Excluir cidade
14	Pesquisar funcionario
15	Alterar funcionario
16	Cadastrar funcionario
17	Excluir funcionario
18	Consultar fornecedor
19	Cadastrar fornecedor
20	Alterar fornecedor
21	Excluir fornecedor
22	Consultar cliente
23	Cadastrar cliente
24	Alterar cliente
25	Excluir cliente
26	Consultar grupo
27	Cadastrar grupo
28	Alterar grupo
29	Excluir grupo
30	Consultar produto
31	Cadastrar produto
32	Alterar produto
33	Cadastrar ajuste estoque
34	Excluir ajuste estoque
35	Pesquisar forma de pagamento
36	Alterar forma de pagamento
37	Excluir forma de pagamento
38	Cadastrar forma de pagamento
39	Consultar condicao de pagamento
40	Alterar condicao de pagamento
41	Cadastrar condicao de pagamento
42	Excluir condicao de pagamento
43	Iniciar venda
\.


--
-- Data for Name: produto; Type: TABLE DATA; Schema: public; Owner: postgres
--

COPY public.produto (codigo, descricao, margem, precocusto, precovenda, fornecedor, grupo, ativo) FROM stdin;
1	Traje de banho feminino da Barbie	100.000	20.000	40.000	3	2	T    
2	Chave de fenda Philips Amarela	100.000	25.000	50.000	3	2	T    
\.


--
-- Data for Name: recebimento; Type: TABLE DATA; Schema: public; Owner: postgres
--

COPY public.recebimento (codigo, valor, dataemissao, datavencimento, quitada, venda, condicaopagamento, formapagamento, cliente) FROM stdin;
\.


--
-- Data for Name: venda; Type: TABLE DATA; Schema: public; Owner: postgres
--

COPY public.venda (codigo, datavenda, totalvenda, cliente) FROM stdin;
\.


--
-- Name: ajusteestoque_codigo_seq; Type: SEQUENCE SET; Schema: public; Owner: postgres
--

SELECT pg_catalog.setval('public.ajusteestoque_codigo_seq', 5, true);


--
-- Name: caixa_codigo_seq; Type: SEQUENCE SET; Schema: public; Owner: postgres
--

SELECT pg_catalog.setval('public.caixa_codigo_seq', 1, false);


--
-- Name: cidade_codigo_seq; Type: SEQUENCE SET; Schema: public; Owner: postgres
--

SELECT pg_catalog.setval('public.cidade_codigo_seq', 7, true);


--
-- Name: cliente_codigo_seq; Type: SEQUENCE SET; Schema: public; Owner: postgres
--

SELECT pg_catalog.setval('public.cliente_codigo_seq', 3, true);


--
-- Name: condicaopagamento_codigo_seq; Type: SEQUENCE SET; Schema: public; Owner: postgres
--

SELECT pg_catalog.setval('public.condicaopagamento_codigo_seq', 3, true);


--
-- Name: estabelecimento_codigo_seq; Type: SEQUENCE SET; Schema: public; Owner: postgres
--

SELECT pg_catalog.setval('public.estabelecimento_codigo_seq', 1, false);


--
-- Name: estoque_transiente_codigo_seq; Type: SEQUENCE SET; Schema: public; Owner: postgres
--

SELECT pg_catalog.setval('public.estoque_transiente_codigo_seq', 1, false);


--
-- Name: formapagmento_codigo_seq; Type: SEQUENCE SET; Schema: public; Owner: postgres
--

SELECT pg_catalog.setval('public.formapagmento_codigo_seq', 5, true);


--
-- Name: fornecedor_codigo_seq; Type: SEQUENCE SET; Schema: public; Owner: postgres
--

SELECT pg_catalog.setval('public.fornecedor_codigo_seq', 3, true);


--
-- Name: funcionario_codigo_seq; Type: SEQUENCE SET; Schema: public; Owner: postgres
--

SELECT pg_catalog.setval('public.funcionario_codigo_seq', 3, true);


--
-- Name: funcionariopermissao_codigo_seq; Type: SEQUENCE SET; Schema: public; Owner: postgres
--

SELECT pg_catalog.setval('public.funcionariopermissao_codigo_seq', 687, true);


--
-- Name: grupo_codigo_seq; Type: SEQUENCE SET; Schema: public; Owner: postgres
--

SELECT pg_catalog.setval('public.grupo_codigo_seq', 2, true);


--
-- Name: itemvenda_codigo_seq; Type: SEQUENCE SET; Schema: public; Owner: postgres
--

SELECT pg_catalog.setval('public.itemvenda_codigo_seq', 1, false);


--
-- Name: parcela_codigo_seq; Type: SEQUENCE SET; Schema: public; Owner: postgres
--

SELECT pg_catalog.setval('public.parcela_codigo_seq', 1, false);


--
-- Name: permissao_codigo_seq; Type: SEQUENCE SET; Schema: public; Owner: postgres
--

SELECT pg_catalog.setval('public.permissao_codigo_seq', 43, true);


--
-- Name: produto_codigo_seq; Type: SEQUENCE SET; Schema: public; Owner: postgres
--

SELECT pg_catalog.setval('public.produto_codigo_seq', 2, true);


--
-- Name: recebimento_codigo_seq; Type: SEQUENCE SET; Schema: public; Owner: postgres
--

SELECT pg_catalog.setval('public.recebimento_codigo_seq', 1, false);


--
-- Name: venda_codigo_seq; Type: SEQUENCE SET; Schema: public; Owner: postgres
--

SELECT pg_catalog.setval('public.venda_codigo_seq', 1, false);


--
-- Name: estabelecimento cnpj_estabelecimento_un; Type: CONSTRAINT; Schema: public; Owner: postgres
--

ALTER TABLE ONLY public.estabelecimento
    ADD CONSTRAINT cnpj_estabelecimento_un UNIQUE (cnpj);


--
-- Name: ajusteestoque codigo_ajusteestoque_pk; Type: CONSTRAINT; Schema: public; Owner: postgres
--

ALTER TABLE ONLY public.ajusteestoque
    ADD CONSTRAINT codigo_ajusteestoque_pk PRIMARY KEY (codigo);


--
-- Name: caixa codigo_caixa_pk; Type: CONSTRAINT; Schema: public; Owner: postgres
--

ALTER TABLE ONLY public.caixa
    ADD CONSTRAINT codigo_caixa_pk PRIMARY KEY (codigo);


--
-- Name: cliente codigo_cliente_pk; Type: CONSTRAINT; Schema: public; Owner: postgres
--

ALTER TABLE ONLY public.cliente
    ADD CONSTRAINT codigo_cliente_pk PRIMARY KEY (codigo);


--
-- Name: condicaopagamento codigo_condicaopagamento_pk; Type: CONSTRAINT; Schema: public; Owner: postgres
--

ALTER TABLE ONLY public.condicaopagamento
    ADD CONSTRAINT codigo_condicaopagamento_pk PRIMARY KEY (codigo);


--
-- Name: estabelecimento codigo_estabelecimento_pk; Type: CONSTRAINT; Schema: public; Owner: postgres
--

ALTER TABLE ONLY public.estabelecimento
    ADD CONSTRAINT codigo_estabelecimento_pk PRIMARY KEY (codigo);


--
-- Name: estoque_transiente codigo_estoque_transiente_pk; Type: CONSTRAINT; Schema: public; Owner: postgres
--

ALTER TABLE ONLY public.estoque_transiente
    ADD CONSTRAINT codigo_estoque_transiente_pk PRIMARY KEY (codigo);


--
-- Name: formapagamento codigo_formapagmento_pk; Type: CONSTRAINT; Schema: public; Owner: postgres
--

ALTER TABLE ONLY public.formapagamento
    ADD CONSTRAINT codigo_formapagmento_pk PRIMARY KEY (codigo);


--
-- Name: fornecedor codigo_fornecedor_pk; Type: CONSTRAINT; Schema: public; Owner: postgres
--

ALTER TABLE ONLY public.fornecedor
    ADD CONSTRAINT codigo_fornecedor_pk PRIMARY KEY (codigo);


--
-- Name: funcionario codigo_funcionario_pk; Type: CONSTRAINT; Schema: public; Owner: postgres
--

ALTER TABLE ONLY public.funcionario
    ADD CONSTRAINT codigo_funcionario_pk PRIMARY KEY (codigo);


--
-- Name: funcionariopermissao codigo_funcionariopermissao_fk; Type: CONSTRAINT; Schema: public; Owner: postgres
--

ALTER TABLE ONLY public.funcionariopermissao
    ADD CONSTRAINT codigo_funcionariopermissao_fk PRIMARY KEY (codigo);


--
-- Name: grupo codigo_grupo_pk; Type: CONSTRAINT; Schema: public; Owner: postgres
--

ALTER TABLE ONLY public.grupo
    ADD CONSTRAINT codigo_grupo_pk PRIMARY KEY (codigo);


--
-- Name: itemvenda codigo_itemvenda_pk; Type: CONSTRAINT; Schema: public; Owner: postgres
--

ALTER TABLE ONLY public.itemvenda
    ADD CONSTRAINT codigo_itemvenda_pk PRIMARY KEY (codigo);


--
-- Name: parcela codigo_parcela_pk; Type: CONSTRAINT; Schema: public; Owner: postgres
--

ALTER TABLE ONLY public.parcela
    ADD CONSTRAINT codigo_parcela_pk PRIMARY KEY (codigo);


--
-- Name: permissao codigo_permissao_pk; Type: CONSTRAINT; Schema: public; Owner: postgres
--

ALTER TABLE ONLY public.permissao
    ADD CONSTRAINT codigo_permissao_pk PRIMARY KEY (codigo);


--
-- Name: produto codigo_produto_pk; Type: CONSTRAINT; Schema: public; Owner: postgres
--

ALTER TABLE ONLY public.produto
    ADD CONSTRAINT codigo_produto_pk PRIMARY KEY (codigo);


--
-- Name: recebimento codigo_recebimento_pk; Type: CONSTRAINT; Schema: public; Owner: postgres
--

ALTER TABLE ONLY public.recebimento
    ADD CONSTRAINT codigo_recebimento_pk PRIMARY KEY (codigo);


--
-- Name: venda codigo_venda_pk; Type: CONSTRAINT; Schema: public; Owner: postgres
--

ALTER TABLE ONLY public.venda
    ADD CONSTRAINT codigo_venda_pk PRIMARY KEY (codigo);


--
-- Name: cliente cpf_nome_cliente_un; Type: CONSTRAINT; Schema: public; Owner: postgres
--

ALTER TABLE ONLY public.cliente
    ADD CONSTRAINT cpf_nome_cliente_un UNIQUE (cpf, nome);


--
-- Name: fornecedor cpf_nome_fornecedor_un; Type: CONSTRAINT; Schema: public; Owner: postgres
--

ALTER TABLE ONLY public.fornecedor
    ADD CONSTRAINT cpf_nome_fornecedor_un UNIQUE (cpfcnpj, nome);


--
-- Name: funcionario cpf_nome_funcionario_un; Type: CONSTRAINT; Schema: public; Owner: postgres
--

ALTER TABLE ONLY public.funcionario
    ADD CONSTRAINT cpf_nome_funcionario_un UNIQUE (cpf, nome);


--
-- Name: condicaopagamento descricao_condicaopagamento_pk; Type: CONSTRAINT; Schema: public; Owner: postgres
--

ALTER TABLE ONLY public.condicaopagamento
    ADD CONSTRAINT descricao_condicaopagamento_pk UNIQUE (descricao);


--
-- Name: grupo descricao_grupo_un; Type: CONSTRAINT; Schema: public; Owner: postgres
--

ALTER TABLE ONLY public.grupo
    ADD CONSTRAINT descricao_grupo_un UNIQUE (descricao);


--
-- Name: permissao descricao_permissao_un; Type: CONSTRAINT; Schema: public; Owner: postgres
--

ALTER TABLE ONLY public.permissao
    ADD CONSTRAINT descricao_permissao_un UNIQUE (descricao);


--
-- Name: produto descricao_produto_un; Type: CONSTRAINT; Schema: public; Owner: postgres
--

ALTER TABLE ONLY public.produto
    ADD CONSTRAINT descricao_produto_un UNIQUE (descricao);


--
-- Name: cidade id_cidade_pk; Type: CONSTRAINT; Schema: public; Owner: postgres
--

ALTER TABLE ONLY public.cidade
    ADD CONSTRAINT id_cidade_pk PRIMARY KEY (codigo);


--
-- Name: cidade nome_cidade_un; Type: CONSTRAINT; Schema: public; Owner: postgres
--

ALTER TABLE ONLY public.cidade
    ADD CONSTRAINT nome_cidade_un UNIQUE (nome);


--
-- Name: cliente cidade_cliente_fk; Type: FK CONSTRAINT; Schema: public; Owner: postgres
--

ALTER TABLE ONLY public.cliente
    ADD CONSTRAINT cidade_cliente_fk FOREIGN KEY (cidade) REFERENCES public.cidade(codigo);


--
-- Name: estabelecimento cidade_estabelecimento_fk; Type: FK CONSTRAINT; Schema: public; Owner: postgres
--

ALTER TABLE ONLY public.estabelecimento
    ADD CONSTRAINT cidade_estabelecimento_fk FOREIGN KEY (cidade) REFERENCES public.cidade(codigo);


--
-- Name: fornecedor cidade_fornecedor_fk; Type: FK CONSTRAINT; Schema: public; Owner: postgres
--

ALTER TABLE ONLY public.fornecedor
    ADD CONSTRAINT cidade_fornecedor_fk FOREIGN KEY (cidade) REFERENCES public.cidade(codigo);


--
-- Name: funcionario cidade_funcionario_fk; Type: FK CONSTRAINT; Schema: public; Owner: postgres
--

ALTER TABLE ONLY public.funcionario
    ADD CONSTRAINT cidade_funcionario_fk FOREIGN KEY (cidade) REFERENCES public.cidade(codigo);


--
-- Name: venda cliente_venda_fk; Type: FK CONSTRAINT; Schema: public; Owner: postgres
--

ALTER TABLE ONLY public.venda
    ADD CONSTRAINT cliente_venda_fk FOREIGN KEY (cliente) REFERENCES public.cliente(codigo);


--
-- Name: recebimento condicaopagamento_recebimento_fk; Type: FK CONSTRAINT; Schema: public; Owner: postgres
--

ALTER TABLE ONLY public.recebimento
    ADD CONSTRAINT condicaopagamento_recebimento_fk FOREIGN KEY (condicaopagamento) REFERENCES public.condicaopagamento(codigo);


--
-- Name: recebimento formapagamento_recebimento_fk; Type: FK CONSTRAINT; Schema: public; Owner: postgres
--

ALTER TABLE ONLY public.recebimento
    ADD CONSTRAINT formapagamento_recebimento_fk FOREIGN KEY (formapagamento) REFERENCES public.formapagamento(codigo);


--
-- Name: produto fornecedor_produto_fk; Type: FK CONSTRAINT; Schema: public; Owner: postgres
--

ALTER TABLE ONLY public.produto
    ADD CONSTRAINT fornecedor_produto_fk FOREIGN KEY (fornecedor) REFERENCES public.fornecedor(codigo);


--
-- Name: funcionariopermissao funcionario_funcionariopermissao_fk; Type: FK CONSTRAINT; Schema: public; Owner: postgres
--

ALTER TABLE ONLY public.funcionariopermissao
    ADD CONSTRAINT funcionario_funcionariopermissao_fk FOREIGN KEY (funcionario) REFERENCES public.funcionario(codigo);


--
-- Name: produto grupo_produto_fk; Type: FK CONSTRAINT; Schema: public; Owner: postgres
--

ALTER TABLE ONLY public.produto
    ADD CONSTRAINT grupo_produto_fk FOREIGN KEY (grupo) REFERENCES public.grupo(codigo);


--
-- Name: funcionariopermissao permissao_funcionariopermissao_fk; Type: FK CONSTRAINT; Schema: public; Owner: postgres
--

ALTER TABLE ONLY public.funcionariopermissao
    ADD CONSTRAINT permissao_funcionariopermissao_fk FOREIGN KEY (permissao) REFERENCES public.permissao(codigo);


--
-- Name: ajusteestoque produto_ajusteestoque_fk; Type: FK CONSTRAINT; Schema: public; Owner: postgres
--

ALTER TABLE ONLY public.ajusteestoque
    ADD CONSTRAINT produto_ajusteestoque_fk FOREIGN KEY (produto) REFERENCES public.produto(codigo);


--
-- Name: estoque_transiente produto_estoque_transiente_fk; Type: FK CONSTRAINT; Schema: public; Owner: postgres
--

ALTER TABLE ONLY public.estoque_transiente
    ADD CONSTRAINT produto_estoque_transiente_fk FOREIGN KEY (produto) REFERENCES public.produto(codigo);


--
-- Name: itemvenda produto_itemvenda_fk; Type: FK CONSTRAINT; Schema: public; Owner: postgres
--

ALTER TABLE ONLY public.itemvenda
    ADD CONSTRAINT produto_itemvenda_fk FOREIGN KEY (produto) REFERENCES public.produto(codigo);


--
-- Name: recebimento recebimento_cliente_fk; Type: FK CONSTRAINT; Schema: public; Owner: postgres
--

ALTER TABLE ONLY public.recebimento
    ADD CONSTRAINT recebimento_cliente_fk FOREIGN KEY (cliente) REFERENCES public.cliente(codigo);


--
-- Name: parcela recebimento_parcela_fk; Type: FK CONSTRAINT; Schema: public; Owner: postgres
--

ALTER TABLE ONLY public.parcela
    ADD CONSTRAINT recebimento_parcela_fk FOREIGN KEY (recebimento) REFERENCES public.recebimento(codigo);


--
-- Name: caixa venda_caixa_pk; Type: FK CONSTRAINT; Schema: public; Owner: postgres
--

ALTER TABLE ONLY public.caixa
    ADD CONSTRAINT venda_caixa_pk FOREIGN KEY (venda) REFERENCES public.venda(codigo);


--
-- Name: itemvenda venda_itemvenda_fk; Type: FK CONSTRAINT; Schema: public; Owner: postgres
--

ALTER TABLE ONLY public.itemvenda
    ADD CONSTRAINT venda_itemvenda_fk FOREIGN KEY (venda) REFERENCES public.venda(codigo);


--
-- Name: recebimento venda_recebimento_fk; Type: FK CONSTRAINT; Schema: public; Owner: postgres
--

ALTER TABLE ONLY public.recebimento
    ADD CONSTRAINT venda_recebimento_fk FOREIGN KEY (venda) REFERENCES public.venda(codigo);


--
-- Name: SCHEMA public; Type: ACL; Schema: -; Owner: postgres
--

REVOKE USAGE ON SCHEMA public FROM PUBLIC;
GRANT ALL ON SCHEMA public TO PUBLIC;


--
-- PostgreSQL database dump complete
--

